City_ID,City,Country,Lat,Lng,Max Temp,Min Temp,Humidity,Cloudiness,Wind Speed,Description
0,Ribeira Grande,PT,38.5167,-28.7,22.24,22.24,87,21,5.58,few clouds
1,Albany,US,42.6001,-73.9662,15.78,12.77,79,67,2.68,broken clouds
2,Vaini,TO,-21.2,-175.2,24.25,24.25,76,32,6.73,scattered clouds
3,Chui,UY,-33.6971,-53.4616,13.81,13.81,92,67,4.76,broken clouds
4,Rikitea,PF,-23.1203,-134.9692,22.86,22.86,66,63,7.75,broken clouds
5,Avarua,CK,-21.2078,-159.775,27.03,27.03,69,90,1.54,overcast clouds
6,Hermanus,ZA,-34.4187,19.2345,14.94,14.94,84,46,3.54,scattered clouds
7,Marzuq,YE,14.4,46.4667,25.03,25.03,35,69,3.01,broken clouds
8,Cape Town,ZA,-33.9258,18.4232,15.62,15.06,72,20,7.72,few clouds
9,George Town,MY,5.4112,100.3354,24.97,24.38,96,40,0.45,scattered clouds
10,San Patricio,US,28.017,-97.5169,32.23,28.24,61,81,8.74,moderate rain
11,Mataura,NZ,-46.1927,168.8643,10.82,10.82,61,56,4.02,broken clouds
12,Yangshe,CN,31.8899,120.6052,26.13,25.56,86,66,0.45,light rain
13,Caravelas,BR,-17.7125,-39.2481,21.98,21.98,85,5,2.71,clear sky
14,Busselton,AU,-33.65,115.3333,13.36,12.27,76,87,5.58,overcast clouds
15,Saint Paul Harbor,US,57.79,-152.4072,8.42,8.42,73,100,4.76,overcast clouds
16,Bandarbeyla,SO,9.4942,50.8122,27.5,27.5,70,47,10.18,scattered clouds
17,Punta Arenas,CL,-53.15,-70.9167,8.95,8.95,49,100,11.52,overcast clouds
18,Arraial do Cabo,BR,-22.9661,-42.0278,21.87,21.87,87,0,12.09,clear sky
19,Talnakh,RU,69.4865,88.3972,-0.61,-0.61,77,95,1.05,overcast clouds
20,Ushuaia,AR,-54.8,-68.3,8.81,8.81,43,40,10.8,scattered clouds
21,Yangi Marg`ilon,UZ,40.4272,71.7189,16.4,16.4,55,20,2.06,few clouds
22,Bowen,AU,-20.0167,148.2333,23.67,23.67,67,50,7.52,scattered clouds
23,East London,ZA,-33.0153,27.9116,16.73,16.73,78,100,3.53,light rain
24,Cherskiy,RU,68.75,161.3,-6.63,-6.63,88,63,2.96,broken clouds
25,Balezino,RU,57.9796,53.0106,0.1,0.1,89,54,2.3,broken clouds
26,Touros,BR,-5.1989,-35.4608,25.31,25.31,81,45,7.14,scattered clouds
27,Tigil',RU,57.8,158.6667,9.79,9.79,83,95,11.84,overcast clouds
28,Mahébourg,MU,-20.4081,57.7,22.36,22.36,70,75,7.82,broken clouds
29,Constitución,CL,-35.3333,-72.4167,11.18,11.18,71,0,4.27,clear sky
30,Iqaluit,CA,63.7506,-68.5145,-0.17,-0.17,79,100,1.34,overcast clouds
31,Salalah,OM,17.0151,54.0924,26.72,26.72,82,87,0.9,overcast clouds
32,Bilibino,RU,68.0546,166.4372,-9.4,-9.4,90,100,1.57,overcast clouds
33,Inndyr,NO,67.0338,14.0276,12.65,12.02,71,100,3.3,overcast clouds
34,Atar,MR,20.5169,-13.0499,35.3,35.3,9,60,2.36,broken clouds
35,Severo-Kuril'sk,RU,50.6789,156.125,12.67,12.67,65,98,4.11,overcast clouds
36,São João da Barra,BR,-21.6403,-41.0511,22.41,22.41,85,1,8.41,clear sky
37,Zemio,CF,5.0314,25.1361,20.93,20.93,98,100,0.77,overcast clouds
38,Tortolì,IT,39.9256,9.6572,19.43,19.43,73,33,1.75,scattered clouds
39,Sibolga,ID,1.7427,98.7792,25.02,25.02,89,96,1.35,overcast clouds
40,Bristol,US,41.8334,-71.1662,18.83,16.89,89,90,0.45,overcast clouds
41,Lebu,CL,-37.6167,-73.65,10.0,10.0,80,69,3.57,broken clouds
42,Qaanaaq,GL,77.484,-69.3632,-2.34,-2.34,69,100,0.99,overcast clouds
43,Bambous Virieux,MU,-20.3428,57.7575,22.34,22.34,68,87,8.03,overcast clouds
44,Poso,ID,-1.3959,120.7524,26.14,26.14,78,61,1.56,broken clouds
45,Tura,IN,25.5198,90.2201,22.45,22.45,90,100,1.57,overcast clouds
46,Kapaa,US,22.0752,-159.319,26.77,25.06,70,15,1.34,light rain
47,Marsh Harbour,BS,26.5412,-77.0636,26.75,26.75,57,30,4.7,scattered clouds
48,Urucará,BR,-2.5364,-57.76,26.82,26.82,69,43,1.16,scattered clouds
49,Ilebo,CD,-4.3167,20.5833,21.64,21.64,95,88,0.84,moderate rain
50,Carnarvon,AU,-24.8667,113.6333,18.87,18.87,72,17,3.59,few clouds
51,Cabo San Lucas,MX,22.8909,-109.9124,31.77,27.51,67,11,4.02,few clouds
52,Soligalich,RU,59.0778,42.2864,2.71,2.71,95,65,1.51,broken clouds
53,Naze,JP,28.3667,129.4833,26.17,26.17,79,14,8.76,few clouds
54,Mehamn,NO,71.0357,27.8492,12.97,12.97,54,0,8.75,clear sky
55,Mar del Plata,AR,-38.0023,-57.5575,12.29,10.56,70,0,6.26,clear sky
56,Abhā,SA,18.2164,42.5053,19.7,19.7,40,77,1.85,broken clouds
57,Kemijärvi,FI,66.7131,27.4306,4.4,4.4,95,41,2.1,scattered clouds
58,Katsuura,JP,35.1333,140.3,22.33,20.64,79,21,3.91,few clouds
59,Tasiilaq,GL,65.6145,-37.6368,1.09,1.09,54,95,2.6,overcast clouds
60,Venice,US,27.0998,-82.4543,30.55,26.67,53,1,1.34,clear sky
61,Ouadda,CF,8.0777,22.4007,20.19,20.19,98,99,1.28,overcast clouds
62,Piaçabuçu,BR,-10.4056,-36.4344,24.08,24.08,79,56,4.76,broken clouds
63,São Filipe,CV,14.8961,-24.4956,26.36,26.36,80,2,3.54,clear sky
64,Bluff,NZ,-46.6,168.3333,11.0,11.0,76,70,9.24,broken clouds
65,Longyearbyen,SJ,78.2186,15.6401,2.91,2.91,70,90,7.2,overcast clouds
66,Vila Velha,BR,-20.3297,-40.2925,23.97,23.97,78,40,6.17,scattered clouds
67,Morón,AR,-34.6534,-58.6198,15.56,14.33,84,83,2.68,broken clouds
68,Port Elizabeth,ZA,-33.918,25.5701,14.16,12.83,77,0,2.57,clear sky
69,Purpe,RU,64.4803,76.6897,0.47,0.47,73,99,3.56,overcast clouds
70,Batticaloa,LK,7.7102,81.6924,26.94,26.94,68,95,4.35,overcast clouds
71,Atuona,PF,-9.8,-139.0333,25.59,25.59,73,12,9.29,few clouds
72,Dikson,RU,73.5069,80.5464,2.96,2.96,99,100,6.07,light rain
73,Hobart,AU,-42.8794,147.3294,10.7,8.48,76,75,4.12,broken clouds
74,Elizabeth City,US,36.2946,-76.2511,28.01,24.45,70,37,0.45,scattered clouds
75,Maningrida,AU,-12.0667,134.2667,28.17,28.17,67,89,4.12,overcast clouds
76,Castro,BR,-24.7911,-50.0119,21.87,21.87,53,84,1.05,broken clouds
77,Mangai,CD,-4.05,19.5333,21.78,21.78,95,100,0.46,overcast clouds
78,Izhmorskiy,RU,56.194,86.6414,-0.3,-0.3,86,37,2.74,scattered clouds
79,Killybegs,IE,54.6333,-8.45,6.92,6.92,68,72,8.56,broken clouds
80,Puerto Ayora,EC,-0.7393,-90.3518,21.21,21.21,85,82,3.65,broken clouds
81,Matara,LK,5.9485,80.5353,24.75,24.75,89,97,4.91,overcast clouds
82,Husavik,IS,66.0449,-17.3389,2.95,2.95,76,89,11.57,overcast clouds
83,Tāybād,IR,34.74,60.7756,19.22,19.22,36,0,3.64,clear sky
84,Faya,SA,18.3851,42.4509,19.56,19.56,40,71,1.37,broken clouds
85,Kyaikkami,MM,16.08,97.5675,25.92,25.92,87,100,1.98,overcast clouds
86,Lorengau,PG,-2.0226,147.2712,28.2,28.2,80,56,3.23,broken clouds
87,Vanavara,RU,60.34,102.2797,1.5,1.5,85,100,1.51,overcast clouds
88,Torbay,CA,47.6666,-52.7314,17.04,15.71,89,32,3.13,scattered clouds
89,Mzimba,MW,-11.9,33.6,20.54,20.54,47,42,5.21,scattered clouds
90,Thayetmyo,MM,19.3167,95.1833,23.69,23.69,96,100,0.58,overcast clouds
91,Airai,TL,-8.9266,125.4092,19.72,19.72,53,21,1.21,few clouds
92,Kalengwa,ZM,-13.4659,25.0027,19.83,19.83,50,80,1.31,broken clouds
93,Lata,PT,40.1629,-8.3327,14.9,13.53,92,3,1.59,clear sky
94,Beira,MZ,-19.8436,34.8389,23.24,23.24,93,11,2.87,few clouds
95,Yellowknife,CA,62.456,-114.3525,9.67,9.05,100,90,1.34,overcast clouds
96,Narsaq,GL,60.9167,-46.05,-0.88,-0.88,45,0,2.9,clear sky
97,Kavieng,PG,-2.5744,150.7967,28.95,28.95,71,62,3.66,broken clouds
98,Piripiri,BR,-4.2733,-41.7769,27.58,27.58,66,82,3.61,broken clouds
99,Kidal,ML,18.4411,1.4078,29.77,29.77,9,0,3.42,clear sky
100,Port Hedland,AU,-20.3167,118.5667,16.03,16.03,59,2,2.57,clear sky
101,Jamestown,US,42.097,-79.2353,14.62,12.51,67,1,3.09,clear sky
102,Waingapu,ID,-9.6567,120.2641,25.42,25.42,72,40,2.29,scattered clouds
103,Namatanai,PG,-3.6667,152.4333,29.34,29.34,68,86,2.36,overcast clouds
104,Avera,US,33.194,-82.5271,27.73,23.85,55,42,1.83,scattered clouds
105,Acarí,PE,-15.4311,-74.6158,21.15,21.15,62,0,2.03,clear sky
106,Hong Kong,HK,22.2855,114.1577,28.51,27.24,86,10,1.34,clear sky
107,Copiapó,CL,-27.3667,-70.3333,12.83,12.83,35,34,1.46,scattered clouds
108,Kapit,MY,2.0167,112.9333,23.48,23.48,100,100,0.25,light rain
109,Ambilobe,MG,-13.2,49.05,21.86,21.86,74,8,3.38,clear sky
110,Lavrentiya,RU,65.5833,-171.0,0.66,0.66,74,100,3.32,overcast clouds
111,Krasnyy Chikoy,RU,50.3643,108.7512,-1.61,-1.61,89,95,1.29,light snow
112,Faanui,PF,-16.4833,-151.75,26.35,26.35,72,79,6.91,broken clouds
113,Ibotirama,BR,-12.1853,-43.2206,29.78,29.78,29,81,1.87,broken clouds
114,Isla Vista,US,34.4133,-119.861,25.0,19.36,69,20,3.09,few clouds
115,Riyadh,SA,24.6877,46.7219,25.68,25.68,37,4,3.86,clear sky
116,Zirándaro de los Chávez,MX,18.45,-100.9833,31.53,31.53,61,32,0.79,scattered clouds
117,Opuwo,NA,-18.0607,13.84,18.03,18.03,38,1,2.14,clear sky
118,Beloha,MG,-25.1667,45.05,21.43,21.43,73,33,2.06,scattered clouds
119,Emmaus,US,40.5395,-75.4968,21.43,16.24,81,75,3.6,broken clouds
120,Luang Prabang,LA,19.8856,102.1347,22.32,22.32,96,96,0.19,overcast clouds
121,Ascension,US,30.2169,-90.9001,24.0,22.06,97,40,1.54,light rain
122,Bethel,US,41.3712,-73.414,20.51,15.65,91,90,0.0,overcast clouds
123,Coromandel,BR,-18.4733,-47.2003,24.73,24.73,37,34,2.71,scattered clouds
124,Hilo,US,19.7297,-155.09,26.55,24.51,86,60,1.79,light rain
125,Mana,GF,5.6592,-53.7767,26.46,26.46,81,25,3.91,scattered clouds
126,Coyhaique,CL,-45.5752,-72.0662,5.64,5.64,89,38,2.81,scattered clouds
127,Berlevåg,NO,70.8578,29.0864,13.0,13.0,67,43,6.31,scattered clouds
128,Porto Nacional,BR,-10.7081,-48.4172,28.19,28.19,52,90,0.66,overcast clouds
129,Fairbanks,US,64.8378,-147.7164,0.79,-1.06,68,13,0.89,few clouds
130,Saskylakh,RU,71.9167,114.0833,-6.19,-6.19,90,100,2.35,overcast clouds
131,Taltal,CL,-25.4,-70.4833,17.09,17.09,70,23,1.97,few clouds
132,Ossora,RU,59.2353,163.0719,0.9,0.9,98,100,7.58,moderate rain
133,Sitka,US,57.0531,-135.33,11.37,11.37,59,98,3.11,overcast clouds
134,San Rafael del Sur,NI,11.8485,-86.4384,28.25,28.25,70,100,3.76,overcast clouds
135,Kursk,RU,51.7303,36.1939,6.11,5.97,87,100,4.0,overcast clouds
136,Narasannapeta,IN,18.4167,84.05,25.21,25.21,90,99,1.76,overcast clouds
137,Olafsvik,IS,64.8945,-23.7142,3.44,3.44,98,100,22.14,light rain
138,Santarém,BR,-2.4431,-54.7083,27.5,27.5,62,16,1.23,few clouds
139,Along,IN,28.1667,94.7667,21.31,21.31,97,90,0.55,overcast clouds
140,Pingzhuang,CN,42.0372,119.2889,13.3,13.3,71,26,4.36,scattered clouds
141,Klaksvík,FO,62.2266,-6.589,9.51,9.51,79,98,4.91,overcast clouds
142,Boa Vista,BR,2.8197,-60.6733,31.99,31.99,51,20,1.54,few clouds
143,Port-Cartier,CA,50.0334,-66.8654,11.63,11.53,76,97,2.98,overcast clouds
144,Qandala,SO,11.472,49.8728,30.62,30.62,59,41,0.68,scattered clouds
145,Maţāy,EG,28.419,30.7792,24.02,24.02,48,0,4.77,clear sky
146,Russell,US,32.3502,-85.1999,28.78,23.53,82,1,0.0,clear sky
147,Acaraú,BR,-2.8856,-40.12,26.41,26.41,82,8,7.01,clear sky
148,Provideniya,RU,64.3833,-173.3,2.06,2.06,87,90,6.0,moderate rain
149,Moose Factory,CA,51.2585,-80.6094,7.99,7.99,87,90,2.57,mist
150,Bariloche,AR,-41.1456,-71.3082,7.39,7.39,64,78,2.28,broken clouds
151,Norman Wells,CA,65.282,-126.8329,-0.98,-0.98,93,90,6.69,light snow
152,Tuatapere,NZ,-46.1333,167.6833,11.01,11.01,71,45,3.18,scattered clouds
153,Flinders,AU,-34.5833,150.8552,20.67,18.78,75,100,0.45,overcast clouds
154,Hokitika,NZ,-42.7167,170.9667,8.85,8.85,92,100,0.3,overcast clouds
155,Chokurdakh,RU,70.6333,147.9167,-4.29,-4.29,94,97,3.73,overcast clouds
156,Lithgow,AU,-33.4833,150.15,13.04,9.17,88,100,2.4,light rain
157,Poum,NC,-20.2333,164.0167,23.35,23.35,72,60,4.62,broken clouds
158,Bismarck,US,46.8083,-100.7837,35.48,28.34,29,1,4.47,clear sky
159,Quatre Cocos,MU,-20.2078,57.7625,22.27,22.27,68,76,8.35,broken clouds
160,Oddur,SO,4.1213,43.8894,23.3,23.3,70,72,6.55,broken clouds
161,Vardø,NO,70.3705,31.1107,9.25,9.25,76,64,5.91,broken clouds
162,Taldan,RU,53.6667,124.8,2.56,2.56,97,100,5.27,light rain
163,New Norfolk,AU,-42.7826,147.0587,10.51,8.28,78,100,0.89,overcast clouds
164,Haines Junction,CA,60.7522,-137.5108,3.96,3.96,64,100,0.44,overcast clouds
165,Trairi,BR,-3.2778,-39.2689,26.25,26.25,83,8,5.53,clear sky
166,San Cristobal,VE,7.7669,-72.225,19.46,19.46,98,61,1.29,broken clouds
167,Meulaboh,ID,4.1363,96.1285,24.01,24.01,90,100,2.33,moderate rain
168,Cidreira,BR,-30.1811,-50.2056,18.26,18.26,93,100,2.6,moderate rain
169,Port Alfred,ZA,-33.5906,26.891,15.42,15.42,81,80,4.38,broken clouds
170,Owase,JP,34.0667,136.2,22.9,22.9,87,90,2.97,overcast clouds
171,Khatanga,RU,71.9667,102.5,-2.66,-2.66,69,100,3.42,overcast clouds
172,Kango,GA,0.1943,10.0951,23.28,23.28,97,97,0.97,overcast clouds
173,Clyde River,CA,70.4692,-68.5914,-0.87,-0.87,93,90,1.03,overcast clouds
174,Thompson,CA,55.7435,-97.8558,16.25,16.25,51,33,5.57,scattered clouds
175,Bud,US,39.447,-86.1758,26.44,22.67,73,1,2.21,clear sky
176,Calabozo,VE,8.9242,-67.4293,27.05,27.05,75,86,1.86,overcast clouds
177,Zhangjiakou,CN,40.81,114.8794,12.68,12.68,51,1,3.05,clear sky
178,Hithadhoo,MV,-0.6,73.0833,27.77,27.77,74,36,4.72,scattered clouds
179,Musoma,TZ,-1.5,33.8,22.31,22.31,69,28,2.13,light rain
180,Marabu,MY,4.4148,114.0089,24.99,24.99,90,97,1.68,overcast clouds
181,Erenhot,CN,43.6475,111.9767,7.35,7.35,59,58,2.74,broken clouds
182,Butaritari,KI,3.0707,172.7902,28.54,28.54,76,4,9.46,clear sky
183,Shuangyang,CN,43.5242,125.6736,16.75,16.75,87,43,2.73,scattered clouds
184,Vangaindrano,MG,-23.35,47.6,20.03,20.03,93,14,2.58,few clouds
185,Burley,US,42.5357,-113.7928,12.04,12.04,25,100,8.69,overcast clouds
186,Lompoc,US,34.6391,-120.4579,27.28,19.23,52,1,6.69,clear sky
187,Norrtälje,SE,59.758,18.705,13.34,10.1,85,100,4.27,overcast clouds
188,Ilulissat,GL,69.2167,-51.1,-0.99,-0.99,31,12,7.72,few clouds
189,Beaver Falls,US,40.752,-80.3192,21.87,16.33,63,1,0.0,clear sky
190,Lufilufi,WS,-13.8745,-171.5986,27.59,27.59,77,44,8.04,light rain
191,Salinas,US,36.6777,-121.6555,26.67,17.68,56,0,3.74,clear sky
192,Jagdalpur,IN,19.0667,82.0333,21.16,21.16,97,100,1.56,overcast clouds
193,Tomatlán,MX,19.9333,-105.25,28.91,28.91,70,97,1.58,overcast clouds
194,Odienné,CI,9.51,-7.5692,22.95,22.95,85,35,1.26,scattered clouds
195,Chern',RU,53.4523,36.9145,3.14,3.14,86,81,3.44,broken clouds
196,Tuktoyaktuk,CA,69.4541,-133.0374,1.03,1.03,100,100,8.44,light rain
197,Kalianget,ID,-7.05,113.9333,26.83,26.83,75,46,2.0,scattered clouds
198,Vanimo,PG,-2.6741,141.3028,28.03,28.03,75,77,1.72,broken clouds
199,Santa Rosa,PH,14.3122,121.1114,29.36,27.83,78,66,0.98,broken clouds
200,Sinnamary,GF,5.3833,-52.95,26.67,26.67,81,80,4.11,broken clouds
201,Payakumbuh,ID,-0.2202,100.6308,21.18,21.18,98,81,1.19,broken clouds
202,Adrar,MR,20.5022,-10.0711,33.78,33.78,8,0,3.2,clear sky
203,Soe,ID,-9.8607,124.284,22.27,22.27,62,14,2.1,few clouds
204,Baykit,RU,61.67,96.37,2.71,2.71,83,100,1.11,overcast clouds
205,Lüderitz,NA,-26.6481,15.1594,12.63,12.63,79,15,7.94,few clouds
206,Mayo,US,38.8876,-76.5119,25.07,21.75,74,20,0.45,few clouds
207,Constantine,DZ,36.365,6.6147,18.97,18.97,69,62,0.32,broken clouds
208,Keti Bandar,PK,24.1447,67.4497,30.35,30.35,67,95,3.31,overcast clouds
209,Bredasdorp,ZA,-34.5322,20.0403,12.77,12.77,88,88,1.87,overcast clouds
210,Sur,OM,22.5667,59.5289,29.27,29.27,63,72,2.28,broken clouds
211,Aklavik,CA,68.2191,-135.0107,1.4,1.4,94,100,8.64,light rain
212,Iwaki,JP,37.05,140.8833,21.14,19.32,81,3,1.29,clear sky
213,Natal,BR,-5.795,-35.2094,27.12,26.36,74,90,7.2,overcast clouds
214,Tiksi,RU,71.6872,128.8694,-0.42,-0.42,94,98,1.42,overcast clouds
215,Nanortalik,GL,60.1432,-45.2371,3.21,3.21,61,0,2.77,clear sky
216,Kutum,SD,14.2,24.6667,26.32,26.32,29,10,5.86,clear sky
217,Ostrovnoy,RU,68.0531,39.5131,9.58,9.58,79,100,4.13,overcast clouds
218,Pushkinskiye Gory,RU,57.0209,28.9103,7.64,7.64,87,100,1.73,overcast clouds
219,Kjøllefjord,NO,70.9457,27.3465,12.9,12.9,54,0,8.75,clear sky
220,Leshukonskoye,RU,64.8989,45.7622,4.15,4.15,95,55,0.68,broken clouds
221,Asău,RO,46.4333,26.4,9.97,8.49,93,94,1.09,light rain
222,Bambanglipuro,ID,-7.95,110.2833,12.56,12.56,88,57,1.31,broken clouds
223,Andenes,NO,69.3143,16.1194,9.15,7.99,93,90,2.06,overcast clouds
224,El Salvador,SV,13.8333,-88.9167,23.79,23.79,90,63,1.81,broken clouds
225,Maniitsoq,GL,65.4167,-52.9,0.67,0.67,57,1,3.63,clear sky
226,Isangel,VU,-19.55,169.2667,25.09,25.09,65,49,5.93,scattered clouds
227,Guerrero Negro,MX,27.9769,-114.0611,23.11,23.11,64,24,7.62,few clouds
228,Upernavik,GL,72.7868,-56.1549,-2.89,-2.89,50,32,1.97,scattered clouds
229,Souillac,MU,-20.5167,57.5167,22.42,22.42,72,25,7.07,scattered clouds
230,Kungurtug,RU,50.5994,97.5228,-5.56,-5.56,57,91,0.33,overcast clouds
231,Innisfail,AU,-17.5333,146.0333,25.11,25.11,76,76,3.33,broken clouds
232,Awjilah,LY,29.1081,21.2869,23.45,23.45,51,0,3.59,clear sky
233,Manta,EC,-0.95,-80.7333,22.47,22.47,81,67,6.52,broken clouds
234,Anadyr,RU,64.75,177.4833,-2.72,-3.33,68,0,8.0,clear sky
235,Nchelenge,ZM,-9.3451,28.734,23.39,23.39,67,68,2.06,broken clouds
236,Alofi,NU,-19.0595,-169.9187,24.94,24.94,94,75,4.63,light intensity shower rain
237,Barbate,ES,36.1924,-5.9219,21.06,17.05,72,0,0.85,clear sky
238,Yumen,CN,40.2833,97.2,12.32,12.32,28,0,2.01,clear sky
239,Murgab,TM,37.4966,61.9714,17.51,17.51,30,0,3.84,clear sky
240,Krasnyy Klyuch,RU,55.3863,56.6529,0.68,0.68,90,39,2.53,scattered clouds
241,Coquimbo,CL,-29.9533,-71.3436,13.85,13.85,88,20,4.63,few clouds
242,Bethanien,NA,-26.502,17.1583,16.81,16.81,43,100,1.95,overcast clouds
243,Palu,ID,-0.8917,119.8707,25.46,25.46,94,56,0.97,broken clouds
244,Todos Santos,MX,23.45,-110.2167,30.97,26.67,76,4,3.83,clear sky
245,Nikolskoye,RU,59.7035,30.7861,8.82,7.66,70,100,1.36,overcast clouds
246,Candolim,IN,15.5181,73.7626,25.0,25.0,94,90,2.06,heavy intensity rain
247,Marsá Maţrūḩ,EG,31.3525,27.2453,23.5,23.5,81,0,5.1,clear sky
248,Westport,US,41.1415,-73.3579,21.72,17.01,89,100,1.34,overcast clouds
249,Labytnangi,RU,66.6572,66.4183,0.57,0.57,91,93,2.06,overcast clouds
250,Qiqihar,CN,47.3408,123.9672,8.59,8.59,63,71,4.76,broken clouds
251,Nome,US,64.5011,-165.4064,2.04,1.73,51,90,2.57,overcast clouds
252,Marondera,ZW,-18.1853,31.5519,15.02,15.02,55,13,1.59,few clouds
253,Saint-Philippe,RE,-21.3585,55.7679,21.75,20.12,78,43,5.44,scattered clouds
254,Barrow,US,71.2906,-156.7887,-0.99,-0.99,80,90,1.54,haze
255,Geraldton,AU,-28.7667,114.6,15.23,15.23,88,90,5.14,overcast clouds
256,Saldanha,ZA,-33.0117,17.9442,14.88,14.88,81,0,10.53,clear sky
257,Pacific Grove,US,36.6177,-121.9166,27.01,16.72,65,1,1.79,clear sky
258,Srednekolymsk,RU,67.45,153.6833,-3.8,-3.8,86,92,0.85,overcast clouds
259,Moses Lake,US,47.1301,-119.2781,19.05,17.56,39,20,5.66,few clouds
260,Auki,SB,-8.7676,160.7034,29.01,29.01,68,100,2.19,overcast clouds
261,Xapuri,BR,-10.6517,-68.5044,29.67,29.67,47,53,0.77,broken clouds
262,Gornyak,RU,50.9942,81.4661,12.02,12.02,52,100,8.25,overcast clouds
263,Fare,PF,-16.7,-151.0167,25.88,25.88,76,96,6.79,light rain
264,Soto la Marina,MX,23.7667,-98.2167,31.38,31.38,58,11,8.57,few clouds
265,Gimli,CA,50.6336,-96.9907,29.13,29.13,51,32,4.24,scattered clouds
266,Jatai,BR,-17.8814,-51.7144,28.11,28.11,36,54,0.14,broken clouds
267,Laguna,US,38.421,-121.4238,27.89,24.31,19,1,3.13,clear sky
268,Mossamedes,AO,-15.1961,12.1522,17.77,17.77,85,85,1.52,overcast clouds
269,Villa Carlos Paz,AR,-31.4241,-64.4978,15.22,13.6,76,42,0.45,scattered clouds
270,Pestravka,RU,52.405,49.9583,4.42,4.42,65,100,3.95,overcast clouds
271,Ripon,GB,54.1352,-1.5212,11.71,9.34,92,100,3.63,overcast clouds
272,Bani Walid,LY,31.7566,13.9942,21.66,21.66,93,0,2.64,clear sky
273,Phang Nga,TH,8.4509,98.5298,25.02,25.02,95,77,1.51,broken clouds
274,Jalu,LY,29.0331,21.5482,23.68,23.68,48,0,3.8,clear sky
275,Okulovka,RU,58.4008,33.2908,3.21,3.21,91,56,0.78,broken clouds
276,Hailey,US,43.5196,-114.3153,14.92,1.14,17,40,5.14,scattered clouds
277,Zhuhai,CN,22.2769,113.5678,28.36,27.1,83,20,1.54,light rain
278,Garmsār,IR,35.2182,52.3409,24.04,24.04,28,0,3.27,clear sky
279,Ciudad de Armería,MX,18.9333,-103.9667,29.38,29.38,66,46,2.12,scattered clouds
280,Sioux Lookout,CA,50.1001,-91.917,19.98,19.98,64,3,2.26,clear sky
281,Diapaga,BF,12.0708,1.7889,26.2,26.2,59,8,2.89,clear sky
282,Hasaki,JP,35.7333,140.8333,21.27,20.22,73,11,2.4,few clouds
283,Ugoofaaru,MV,5.6667,73.0,27.56,27.56,80,79,6.7,broken clouds
284,Barcelos,PT,41.5388,-8.6151,14.95,14.08,88,30,2.15,scattered clouds
285,Key Largo,US,25.0865,-80.4473,27.79,27.22,54,0,6.93,clear sky
286,Ponta do Sol,PT,32.6667,-17.1,23.89,21.74,75,79,2.29,broken clouds
287,Puerto del Rosario,ES,28.5004,-13.8627,22.86,22.82,73,5,10.8,clear sky
288,Rajanpur,PK,29.1035,70.325,29.81,29.81,56,3,2.98,clear sky
289,Lagoa,PT,39.05,-27.9833,21.27,21.27,87,13,6.39,few clouds
290,Province of Mantua,IT,45.1667,10.7833,19.83,16.72,86,100,0.89,overcast clouds
291,Mahibadhoo,MV,3.7833,72.9667,27.83,27.83,78,100,6.52,overcast clouds
292,Vestmannaeyjar,IS,63.4427,-20.2734,4.22,4.22,83,100,14.16,overcast clouds
293,Takoradze,GH,4.8845,-1.7554,24.58,24.58,90,26,2.81,scattered clouds
294,Mareeba,AU,-17.0,145.4333,24.71,23.4,78,70,4.21,broken clouds
295,Naryan-Mar,RU,67.6713,53.087,3.24,3.24,88,77,2.96,broken clouds
296,Mitsamiouli,KM,-11.3847,43.2844,25.61,25.61,77,42,3.32,light rain
297,Evensk,RU,61.95,159.2333,0.54,0.54,38,100,4.84,overcast clouds
298,Liwale,TZ,-9.7667,37.9333,19.05,19.05,86,4,1.38,clear sky
299,Imeni Poliny Osipenko,RU,52.4201,136.4853,13.17,13.17,76,97,5.65,overcast clouds
300,Veinticinco de Mayo,AR,-35.4323,-60.1727,15.03,15.03,78,2,3.83,clear sky
301,Sehwan,PK,26.4279,67.863,26.9,26.9,61,10,2.52,clear sky
302,Tucumcari,US,35.1717,-103.725,27.75,26.91,29,40,8.23,scattered clouds
303,Iskateley,RU,67.6803,53.1512,3.2,3.2,88,78,2.96,broken clouds
304,La Romana,DO,18.4273,-68.9728,27.85,25.2,94,75,0.0,thunderstorm
305,Mananara,MG,-16.1667,49.7667,20.93,20.93,90,80,2.47,light rain
306,Harper,LR,4.375,-7.7169,25.39,25.39,84,100,2.93,overcast clouds
307,Richards Bay,ZA,-28.783,32.0377,20.23,20.23,81,91,2.76,overcast clouds
308,Beringovskiy,RU,63.05,179.3167,-1.16,-1.16,74,80,2.81,light snow
309,Chapais,CA,49.7834,-74.8492,4.88,4.88,94,100,3.73,overcast clouds
310,Bereda,ES,43.2686,-7.5406,14.4,10.08,100,37,1.31,scattered clouds
311,Bukachacha,RU,52.9833,116.9167,-0.37,-0.37,84,97,1.31,overcast clouds
312,Pevek,RU,69.7008,170.3133,-5.03,-5.03,84,99,2.04,overcast clouds
313,Te Anau,NZ,-45.4167,167.7167,9.7,9.7,85,84,2.81,broken clouds
314,El Campo,US,29.1966,-96.2697,31.6,27.86,62,56,6.67,broken clouds
315,Grindavik,IS,63.8424,-22.4338,3.26,3.26,81,75,18.01,broken clouds
316,Pinheiro Machado,BR,-31.5783,-53.3811,13.76,12.81,100,100,3.61,overcast clouds
317,Lodja,CD,-3.4833,23.4333,20.96,20.96,94,85,0.75,light rain
318,Nushki,PK,29.5542,66.0215,24.64,24.64,38,3,1.75,clear sky
319,Saint-Pierre,RE,-21.3393,55.4781,21.8,20.16,78,90,2.06,overcast clouds
320,Ayan,RU,56.45,138.1667,10.03,10.03,82,100,6.31,overcast clouds
321,Nishihara,JP,26.1842,127.7558,28.03,27.6,86,40,3.09,scattered clouds
322,Santo Estêvão,BR,-12.4303,-39.2514,21.55,21.55,72,23,3.93,few clouds
323,Nyurba,RU,63.2842,118.3319,-3.01,-3.01,92,10,2.79,clear sky
324,Bathsheba,BB,13.2167,-59.5167,27.34,27.34,83,40,2.06,scattered clouds
325,Hualmay,PE,-11.0964,-77.6139,17.61,17.61,80,54,2.95,broken clouds
326,Mount Gambier,AU,-37.8333,140.7667,12.81,12.81,85,100,3.28,overcast clouds
327,Broken Hill,AU,-31.95,141.4333,19.53,19.53,51,5,3.02,clear sky
328,Paamiut,GL,61.994,-49.6678,1.73,1.73,49,34,2.23,scattered clouds
329,Codrington,AU,-38.2667,141.9667,12.94,12.94,73,100,3.75,overcast clouds
330,Mabaruma,GY,8.2,-59.7833,24.83,24.83,92,58,2.25,broken clouds
331,Pangai,TO,-19.8,-174.35,27.06,27.06,69,20,6.17,few clouds
332,Miyako,JP,39.6367,141.9525,19.06,19.06,78,50,3.02,scattered clouds
333,Chinhoyi,ZW,-17.3667,30.2,21.1,21.1,37,7,2.0,clear sky
334,Viedma,AR,-40.8135,-62.9967,10.5,10.5,44,3,5.19,clear sky
335,Nantucket,US,41.2835,-70.0995,19.52,17.79,90,85,8.02,overcast clouds
336,Bonavista,CA,48.6499,-53.1147,16.73,16.73,91,58,8.38,broken clouds
337,Benghazi,LY,32.1167,20.0667,24.38,24.38,75,0,2.4,clear sky
338,Belmonte,BR,-15.8631,-38.8828,24.28,24.28,83,6,3.23,clear sky
339,Dunedin,NZ,-45.8742,170.5036,14.14,14.14,51,65,0.96,broken clouds
340,Lázaro Cárdenas,MX,17.9583,-102.2,28.49,28.49,73,24,2.61,few clouds
341,Cockburn Town,TC,21.4612,-71.1419,28.55,28.55,70,14,3.72,few clouds
342,Soyo,AO,-6.1349,12.3689,24.0,24.0,82,84,4.79,broken clouds
343,St. George's,GD,12.0564,-61.7485,27.55,27.55,78,38,4.04,scattered clouds
344,Maragogi,BR,-9.0122,-35.2225,24.1,24.1,81,23,4.52,few clouds
345,Taylorville,US,39.5489,-89.2945,30.12,27.22,51,0,2.04,clear sky
346,Petropavlovsk-Kamchatskiy,RU,53.0452,158.6483,11.33,11.33,71,75,1.0,broken clouds
347,Bonthe,SL,7.5264,-12.505,25.12,25.12,89,99,1.51,moderate rain
348,Vrangel',RU,42.7297,133.0839,18.48,18.48,88,100,4.99,overcast clouds
349,Arlit,NE,18.7369,7.3853,33.63,33.63,14,91,6.45,overcast clouds
350,Santa Cruz de la Sierra,BO,-17.8,-63.1667,30.53,30.53,36,5,4.35,clear sky
351,Brazzaville,CG,-4.2658,15.2832,24.55,24.55,75,96,0.79,overcast clouds
352,Campo Maior,BR,-4.8278,-42.1686,30.58,30.58,49,75,4.11,broken clouds
353,Capoterra,IT,39.1763,8.9718,21.41,19.2,75,30,3.09,scattered clouds
354,Sarakhs,IR,36.5449,61.1577,18.41,18.41,35,0,2.15,clear sky
355,Nemuro,JP,43.3236,145.575,15.57,15.57,72,92,5.01,overcast clouds
356,Camacha,PT,33.0833,-16.3333,21.96,20.68,78,20,4.63,few clouds
357,Padang,ID,-0.9492,100.3543,24.03,24.03,93,100,1.44,overcast clouds
358,Cayenne,GF,4.9333,-52.3333,28.38,25.02,81,20,0.89,few clouds
359,Edéia,BR,-17.3383,-49.9314,30.05,30.05,29,37,1.05,scattered clouds
360,Altay,CN,47.8667,88.1167,6.76,6.76,57,49,2.64,scattered clouds
361,Bengkulu,ID,-3.8004,102.2655,23.86,23.86,90,95,1.65,light rain
362,Bulgan,MN,48.8125,103.5347,-0.25,-0.25,65,100,1.12,overcast clouds
363,Yoichi,JP,43.2039,140.7703,20.34,19.87,70,87,3.52,overcast clouds
364,Bundaberg,AU,-24.85,152.35,22.34,22.16,55,90,2.68,overcast clouds
365,Saint George,US,37.1041,-113.5841,31.26,26.85,26,40,1.34,scattered clouds
366,Abu Dhabi,AE,24.4667,54.3667,32.06,32.01,70,0,2.06,clear sky
367,Haldwani,IN,29.2167,79.5167,23.97,23.97,80,24,1.91,few clouds
368,San Quintín,MX,30.4833,-115.95,21.41,21.41,71,11,8.38,few clouds
369,Amapá,BR,1.0,-52.0,28.96,28.96,50,53,3.09,broken clouds
370,Portland,US,45.5234,-122.6762,18.07,12.72,84,90,0.89,overcast clouds
371,Sola,VU,-13.8833,167.55,25.86,25.86,81,100,4.62,overcast clouds
372,Acapulco de Juárez,MX,16.8634,-99.8901,28.64,28.64,73,50,2.91,scattered clouds
373,Lovington,US,32.944,-103.3485,28.47,25.79,28,4,3.13,clear sky
374,Homer,US,59.6425,-151.5483,9.87,7.11,50,1,3.6,clear sky
375,Lesnoy,RU,57.6198,63.0784,1.46,1.46,79,95,3.21,overcast clouds
376,Cap Malheureux,MU,-19.9842,57.6142,22.48,22.48,67,49,3.13,scattered clouds
377,Sorong,ID,-0.8833,131.25,26.82,26.82,82,96,1.63,overcast clouds
378,Cervo,ES,43.6702,-7.4101,16.65,12.33,82,58,4.59,broken clouds
379,Birjand,IR,32.8663,59.2211,19.9,19.9,19,0,2.75,clear sky
380,Kavaratti,IN,10.5669,72.642,27.5,27.5,78,96,7.83,overcast clouds
381,Abalak,RU,58.1286,68.5944,0.4,0.4,95,35,2.94,scattered clouds
382,Kalabo,ZM,-14.97,22.6814,22.64,22.64,28,21,1.59,few clouds
383,Ayaviri,PE,-14.8864,-70.5889,13.45,13.45,26,2,3.85,clear sky
384,Otradnoye,RU,59.7775,30.8181,8.91,7.75,70,99,1.4,overcast clouds
385,Los Llanos de Aridane,ES,28.6585,-17.9182,22.85,20.86,74,75,6.17,broken clouds
386,Uberlândia,BR,-18.9186,-48.2772,27.95,27.95,31,64,1.96,broken clouds
387,Qui Nhon,VN,13.7667,109.2333,25.45,25.45,87,100,2.72,overcast clouds
388,Várzea Grande,BR,-15.6467,-56.1325,30.93,30.93,48,0,1.54,clear sky
389,Zaidpur,IN,26.8333,81.3333,27.04,27.04,88,49,2.76,scattered clouds
390,Ust-Maya,RU,60.4167,134.5333,3.88,3.88,96,100,1.31,overcast clouds
391,Honiara,SB,-9.4333,159.95,27.74,27.74,79,100,3.37,overcast clouds
392,Doha,QA,25.2867,51.5333,28.99,27.94,70,0,0.0,clear sky
393,Robertsport,LR,6.7533,-11.3686,25.93,25.93,83,94,1.89,light rain
394,Gizo Government Station,SB,-8.103,156.8419,28.18,28.18,75,100,2.34,overcast clouds
395,Dingle,PH,10.9995,122.6711,25.75,25.75,88,95,1.4,overcast clouds
396,Yuzhno-Kurilsk,RU,44.0306,145.8556,15.65,15.65,75,71,5.78,broken clouds
397,Ségou,ML,13.4317,-6.2157,28.72,28.72,49,3,3.57,clear sky
398,Berdigestyakh,RU,62.0989,126.6992,0.14,0.14,67,9,1.87,clear sky
399,Saint-Augustin,CA,51.226,-58.6502,10.15,10.15,78,11,4.59,few clouds
400,Lumeje,AO,-11.55,20.7833,21.25,21.25,42,12,1.98,few clouds
401,Marfino,RU,55.7028,37.3822,3.08,-0.03,93,0,1.0,clear sky
402,Yanam,IN,16.7333,82.2167,23.53,23.53,97,100,1.56,overcast clouds
403,San Juan,AR,-31.5375,-68.5364,23.18,23.18,27,0,3.61,clear sky
404,Luwuk,ID,-0.9516,122.7875,26.61,26.61,81,83,2.31,broken clouds
405,Nicoya,CR,10.1483,-85.452,21.75,21.75,87,92,0.81,light rain
406,Quelimane,MZ,-17.8786,36.8883,24.39,24.39,69,0,3.44,clear sky
407,Pemba,MZ,-12.974,40.5178,24.31,24.31,80,6,3.61,clear sky
408,Port Lincoln,AU,-34.7333,135.8667,15.4,15.4,74,12,2.81,few clouds
409,Ol'ga,RU,43.7444,135.2892,16.98,16.98,94,100,1.66,overcast clouds
410,Hobyo,SO,5.3505,48.5268,25.87,25.87,82,12,11.01,few clouds
411,Lichuan,CN,30.3,108.85,16.31,16.31,97,86,0.86,light rain
412,Vila Franca do Campo,PT,37.7167,-25.4333,22.23,22.23,90,19,2.54,few clouds
413,Ust'-Ilimsk,RU,58.0006,102.6619,0.33,0.33,99,100,1.11,overcast clouds
414,Ahvāz,IR,31.3203,48.6693,30.63,30.63,9,0,2.81,clear sky
415,Garissa,KE,-0.4536,39.6401,23.59,23.59,83,86,7.33,overcast clouds
416,Kumluca,TR,36.3703,30.2869,24.2,24.2,53,0,1.54,clear sky
417,Pisco,PE,-13.7,-76.2167,17.03,16.68,82,0,2.06,clear sky
418,Alice Springs,AU,-23.7,133.8833,19.75,19.75,21,0,3.09,clear sky
419,Kailua,US,21.4022,-157.7394,28.99,27.26,67,31,6.58,light rain
420,Agüimes,ES,27.9054,-15.4461,22.03,21.03,74,40,12.86,scattered clouds
421,Tilichiki,RU,60.4667,166.1,-1.35,-1.35,77,100,4.43,light snow
422,Kuytun,RU,54.3419,101.5036,-1.81,-1.81,96,99,2.68,overcast clouds
423,Evanston,US,42.0411,-87.6901,22.47,17.41,65,1,0.45,clear sky
424,Diamantino,BR,-14.4086,-56.4461,27.22,27.22,56,76,1.38,broken clouds
425,Springdale,US,36.1867,-94.1288,31.13,26.29,40,1,4.47,clear sky
426,San Alberto,CO,7.7611,-73.3922,25.47,25.47,91,100,1.22,overcast clouds
427,Sakakah,SA,29.9697,40.2064,25.57,25.57,27,0,3.52,clear sky
428,Sal Rei,CV,16.1833,-22.9167,26.31,26.31,82,2,4.14,clear sky
429,Lengshuitan,CN,26.4111,111.5956,23.96,23.96,90,25,2.82,scattered clouds
430,Safi,MA,32.2994,-9.2372,20.39,20.39,87,7,9.56,clear sky
431,Puerto Baquerizo Moreno,EC,-0.9,-89.6,20.81,20.81,86,60,4.08,broken clouds
432,Halifax,CA,44.6453,-63.5724,18.04,16.5,97,100,0.89,overcast clouds
433,Sambava,MG,-14.2667,50.1667,21.43,21.43,87,44,4.2,light rain
434,Barra do Garças,BR,-15.89,-52.2567,28.85,28.85,37,23,1.32,few clouds
435,Biscarrosse,FR,44.3945,-1.1672,17.64,13.51,88,90,3.09,overcast clouds
436,Port Hardy,CA,50.6996,-127.4199,12.11,12.11,68,73,4.35,broken clouds
437,Warri,NG,5.5167,5.75,24.34,24.34,92,27,1.6,scattered clouds
438,Saint-François,FR,46.4154,3.9054,12.69,11.93,96,0,2.06,clear sky
439,Aden,YE,12.7794,45.0367,32.2,32.2,60,100,1.92,overcast clouds
440,Sibu,MY,2.3,111.8167,23.65,23.65,98,100,0.62,overcast clouds
441,Chipinge,ZW,-20.1883,32.6236,17.57,17.57,61,0,1.57,clear sky
442,Broome,US,42.2506,-75.833,14.45,10.32,67,1,0.45,clear sky
443,Marawi,PH,7.9986,124.2928,20.36,20.36,89,99,1.14,overcast clouds
444,Tazovsky,RU,67.4667,78.7,-0.35,-0.35,83,6,2.42,clear sky
445,Brasília de Minas,BR,-16.2064,-44.4333,24.76,24.76,44,45,2.72,scattered clouds
446,Cukai,MY,4.25,103.4167,24.66,24.66,91,99,1.16,overcast clouds
447,Chaves,US,33.3834,-104.4505,28.1,26.23,38,90,4.12,overcast clouds
448,Tucumã,BR,-0.1833,-50.05,26.24,26.24,74,8,3.65,clear sky
449,Togur,RU,58.3631,82.8265,1.86,1.86,87,86,2.39,overcast clouds
450,Mapimí,MX,25.8167,-103.85,30.65,30.65,30,45,1.67,scattered clouds
451,Oranjestad,AW,12.524,-70.027,29.39,29.39,76,9,3.58,clear sky
452,Nouadhibou,MR,20.931,-17.0347,27.03,27.03,57,17,9.61,few clouds
453,Ginda,IN,30.6945,78.4932,15.41,15.41,81,3,2.43,clear sky
454,Pindushi,RU,62.9152,34.58,6.35,6.35,94,26,1.76,scattered clouds
455,Muncie,US,40.1934,-85.3864,24.81,22.34,72,5,3.15,clear sky
456,Laas,IT,46.6166,10.7002,13.9,10.94,95,98,1.99,overcast clouds
457,Freetown,SL,8.484,-13.2299,25.94,25.94,84,99,2.64,light rain
458,Esperance,AU,-33.8667,121.9,10.91,10.91,87,99,3.59,overcast clouds
459,Leningradskiy,RU,69.3833,178.4167,-4.24,-4.24,96,100,5.55,light snow
460,Mimongo,GA,-1.6195,11.6068,21.31,21.31,99,100,1.17,moderate rain
461,Rabo de Peixe,PT,37.8,-25.5833,21.73,21.73,88,40,2.57,scattered clouds
462,Pitimbu,BR,-7.4706,-34.8086,25.02,25.02,79,7,7.27,clear sky
463,Daokou,CN,35.5639,114.5058,15.54,15.54,95,4,3.03,light rain
464,Abu Kamal,SY,34.4506,40.9171,25.73,25.73,31,0,3.21,clear sky
465,Baeza,ES,37.9938,-3.471,20.15,17.42,41,1,0.53,clear sky
466,High Level,CA,58.5169,-117.136,15.99,15.99,47,11,2.0,few clouds
467,Dalian,CN,38.9122,121.6022,21.46,15.96,100,0,1.0,clear sky
468,Joaquim Gomes,BR,-9.1373,-35.7519,27.14,27.14,88,20,1.03,few clouds
469,Kumul,CN,42.8,93.45,16.87,16.87,26,2,0.69,clear sky
470,Noyabrsk,RU,63.1994,75.4507,0.58,0.58,78,100,4.03,overcast clouds
471,Vao,NC,-22.6667,167.4833,20.28,20.28,76,26,8.66,scattered clouds
472,Marystown,CA,47.1666,-55.1483,16.59,16.59,100,96,0.89,overcast clouds
473,Novy Urengoy,RU,66.0833,76.6333,0.47,0.47,74,18,2.02,few clouds
474,Alyangula,AU,-13.8483,136.4192,27.68,27.68,71,43,5.25,scattered clouds
475,Bom Jesus,BR,-9.0744,-44.3586,32.34,32.34,20,92,3.33,overcast clouds
476,Newport,GB,51.5877,-2.9984,12.12,8.23,92,61,4.41,broken clouds
477,Warman,CA,52.3168,-106.5679,26.61,25.61,21,83,5.32,broken clouds
478,Nortelândia,BR,-14.4547,-56.8028,28.01,28.01,54,93,1.43,overcast clouds
479,Begowāl,IN,31.6167,75.5167,25.99,25.99,73,3,2.32,clear sky
480,Sisimiut,GL,66.9395,-53.6735,-0.78,-0.78,46,0,2.18,clear sky
481,Egvekinot,RU,66.3167,-179.1667,-3.06,-3.06,94,100,0.3,light snow
482,Wajir,KE,1.7471,40.0573,25.44,25.44,60,99,6.86,overcast clouds
483,Siverskiy,RU,59.3544,30.0783,8.33,7.49,68,100,1.54,overcast clouds
484,Tromsø,NO,69.6496,18.957,7.99,1.36,93,0,1.03,clear sky
485,Qiongshan,CN,20.0058,110.3542,24.58,24.58,83,1,1.35,clear sky
486,Abbeville,FR,50.1,1.8333,15.27,12.78,66,99,6.35,light rain
487,Vidim,RU,56.4088,103.1106,-1.33,-1.33,99,98,1.29,overcast clouds
488,Wronki,PL,52.7105,16.3804,14.78,13.3,67,100,4.09,overcast clouds
489,Beya,RU,53.0533,90.9139,-1.82,-1.82,66,78,1.08,broken clouds
490,Itarema,BR,-2.9248,-39.9167,26.32,26.32,82,5,6.86,clear sky
491,Buenos Aires,AR,-34.6132,-58.3772,15.55,14.32,87,84,0.89,broken clouds
492,Bulolo,PG,-7.2,146.65,26.28,26.28,79,100,0.97,overcast clouds
493,Cuamba,MZ,-14.8031,36.5372,24.75,24.75,37,20,2.17,few clouds
494,Ariquemes,BR,-9.9133,-63.0408,27.65,27.65,60,88,1.02,overcast clouds
495,Psebay,RU,44.1234,40.8107,7.9,7.9,94,88,1.17,overcast clouds
496,Noumea,NC,-22.2763,166.4572,25.99,25.0,99,45,6.83,scattered clouds
497,Abong Mbang,CM,3.9833,13.1833,19.21,19.21,99,100,1.09,light rain
498,Havre-St-Pierre,CA,50.2334,-63.5986,9.96,9.96,82,97,5.06,overcast clouds
499,Buchanan,LR,5.8808,-10.0467,25.61,25.61,85,97,1.67,overcast clouds
500,Kerman,IR,30.2832,57.0788,21.7,21.7,16,0,1.72,clear sky
501,Kamina,CD,-8.7386,24.9906,20.04,20.04,63,9,1.16,clear sky
502,Harrisonville,US,38.6533,-94.3488,30.76,27.21,47,1,0.0,clear sky
503,Hofn,IS,64.2539,-15.2082,3.54,3.54,57,100,6.21,overcast clouds
504,Surgut,RU,61.25,73.4167,3.1,3.1,81,0,3.0,clear sky
505,Galle,LK,6.0367,80.217,25.63,25.63,87,78,5.84,broken clouds
506,Dabola,GN,10.75,-11.1167,21.83,21.83,92,50,1.42,light rain
507,Upington,ZA,-28.4478,21.2561,18.09,18.09,22,100,4.07,overcast clouds
508,Tezu,IN,27.9167,96.1667,23.43,23.43,82,74,1.15,broken clouds
509,Sabha,LY,27.0377,14.4283,25.13,25.13,23,0,2.18,clear sky
510,Labuhan,ID,-6.8844,112.2051,25.2,25.2,79,16,3.95,few clouds
511,Scordia,IT,37.2981,14.8408,23.05,21.77,84,7,0.76,clear sky
512,Namtsy,RU,62.7161,129.6658,-0.94,-0.94,59,6,1.85,clear sky
513,Maamba,ZM,-17.3667,27.15,24.14,24.14,29,6,1.18,clear sky
514,Río Cuarto,AR,-33.1307,-64.3499,12.87,8.8,82,75,5.66,broken clouds
515,Palmer,US,42.1584,-72.3287,18.34,15.23,82,100,1.44,overcast clouds
516,Makkah al Mukarramah,SA,21.4267,39.8261,28.37,28.37,55,21,2.92,few clouds
517,Pringsewu,ID,-5.3582,104.9744,23.16,23.16,97,97,0.62,overcast clouds
518,Muros,ES,42.7762,-9.0603,16.58,10.08,93,19,0.43,few clouds
519,Estevan,CA,49.1334,-102.9842,32.19,31.23,11,7,5.57,clear sky
520,La Providencia,MX,28.7167,-111.5833,33.04,30.05,53,0,5.81,clear sky
521,Ayna,PE,-12.65,-73.9167,17.53,17.53,86,93,0.3,overcast clouds
522,Diamantina,BR,-18.2494,-43.6003,19.49,19.49,63,100,1.38,overcast clouds
523,Nouakchott,MR,18.0858,-15.9785,25.96,25.96,74,0,4.81,clear sky
524,Tabou,CI,4.423,-7.3528,25.21,25.21,87,94,2.51,overcast clouds
525,Wanning,CN,18.8003,110.3967,24.47,24.47,88,60,1.41,broken clouds
526,Gijang,KR,35.2442,129.2139,22.58,22.58,85,97,1.49,overcast clouds
527,Alizai,PK,33.5383,70.3462,25.44,25.44,57,3,1.21,clear sky
528,Santo Antônio do Amparo,BR,-20.9464,-44.9189,22.2,22.2,44,24,2.91,few clouds
529,Saint-Joseph,RE,-21.3667,55.6167,21.2,19.56,76,46,4.44,scattered clouds
530,Saint Anthony,US,45.0205,-93.218,27.86,23.01,48,5,0.45,clear sky
531,Perama,GR,37.9757,23.5828,22.03,18.65,61,20,0.0,few clouds
532,Amahai,ID,-3.3333,128.9167,26.58,26.58,82,90,0.51,overcast clouds
533,Cabedelo,BR,-6.9811,-34.8339,24.37,24.37,80,6,7.8,clear sky
534,Hamilton,US,39.1834,-84.5333,26.91,23.27,68,3,1.44,clear sky
535,Ürümqi,CN,43.801,87.6005,11.53,11.53,41,0,3.0,clear sky
536,Muzhi,RU,65.3667,64.6667,2.45,2.45,93,100,1.98,overcast clouds
537,Boffa,GN,10.1667,-14.0333,23.06,23.06,91,88,0.64,light rain
538,Korla,CN,41.7597,86.1469,19.01,19.01,24,27,2.7,scattered clouds
539,Upata,VE,8.0086,-62.3989,24.55,24.55,88,76,1.17,broken clouds
540,Kaitangata,NZ,-46.2817,169.8464,14.4,14.4,53,40,4.97,scattered clouds
541,Deer Lake,CA,49.1667,-57.4316,9.7,9.7,93,100,2.73,overcast clouds
542,Daru,PG,-9.0763,143.2092,26.95,26.95,81,100,6.77,overcast clouds
543,Huilong,CN,31.8111,121.655,26.1,24.43,84,55,4.87,light rain
544,Pokhara,NP,28.2333,83.9833,20.74,20.74,79,91,2.18,overcast clouds
545,Ambon City,ID,-3.6954,128.1814,26.08,26.08,94,40,1.54,scattered clouds
546,Anuchino,RU,43.9622,133.0544,16.26,16.26,83,100,1.48,overcast clouds
547,Kimbe,PG,-5.5502,150.1429,29.25,29.25,69,100,0.8,overcast clouds
548,Kahului,US,20.8947,-156.47,29.01,26.49,69,40,10.8,scattered clouds
549,Otjimbingwe,NA,-22.35,16.1333,16.24,16.24,55,1,0.76,clear sky
550,Conceição do Araguaia,BR,-8.2578,-49.2647,25.2,25.2,75,100,2.58,moderate rain
551,Yārāda,IN,17.65,83.2667,25.18,25.18,100,75,1.03,mist
552,Olenegorsk,RU,68.15,33.3,6.9,6.9,87,79,2.5,broken clouds
553,Hyde,GB,53.4513,-2.0794,11.17,8.16,93,40,1.54,scattered clouds
554,Luganville,VU,-15.5333,167.1667,26.09,26.09,86,93,5.06,overcast clouds
555,Nagaoka,JP,37.45,138.85,20.92,20.92,78,8,1.9,clear sky
556,Pervomayskoye,RU,43.919,46.7102,13.85,13.85,66,97,1.99,overcast clouds
557,Kuching,MY,1.55,110.3333,25.12,25.12,94,40,1.03,heavy intensity rain
558,Sørland,NO,67.667,12.6934,11.53,11.53,79,100,3.48,overcast clouds
559,Imeni Zhelyabova,RU,58.9544,36.5956,4.19,4.19,89,100,1.05,overcast clouds
560,Rantepao,ID,-2.9701,119.8978,21.52,21.52,88,57,0.28,broken clouds
561,Seymchan,RU,62.8833,152.4333,-2.0,-2.0,53,10,4.32,clear sky
562,Dumas,US,35.8656,-101.9732,28.08,26.17,24,1,10.29,clear sky
563,Plettenberg Bay,ZA,-34.0527,23.3716,12.92,12.92,78,99,2.76,overcast clouds
564,São Félix do Xingu,BR,-6.6447,-51.995,22.55,22.55,96,89,1.13,heavy intensity rain
565,Kruisfontein,ZA,-34.0033,24.7314,11.6,11.6,83,100,3.01,overcast clouds
566,Batemans Bay,AU,-35.7167,150.1833,17.83,17.17,58,98,0.6,light rain
567,Dingtao,CN,35.0683,115.5625,15.77,15.77,95,0,1.86,clear sky
568,Beirut,LB,33.8889,35.4944,21.59,20.34,69,0,2.59,clear sky
569,Coahuayana Viejo,MX,18.7333,-103.6833,29.23,29.23,71,60,1.73,broken clouds
570,Moindou,NC,-21.6924,165.677,25.97,25.97,61,33,2.74,scattered clouds
571,Assiut,EG,27.181,31.1837,24.57,24.57,32,0,4.05,clear sky
572,Boulder,US,40.0833,-105.3505,23.66,11.86,35,1,1.79,clear sky
573,Tayu,ID,-6.5397,111.0518,24.82,24.82,78,47,3.72,scattered clouds
574,Shahrud,IR,36.4182,54.9763,16.24,16.24,47,0,3.83,clear sky
575,Banda Aceh,ID,5.5577,95.3222,25.19,25.19,87,100,3.93,light rain
576,Khao Yoi,TH,13.2403,99.8243,25.51,25.51,87,85,1.6,overcast clouds
577,Danjiangkou,CN,32.5428,111.5086,17.58,17.58,94,4,2.27,light rain
578,Ballina,AU,-28.8667,153.5667,20.43,19.1,68,100,4.57,overcast clouds
579,Samarai,PG,-10.6167,150.6667,26.14,26.14,88,100,7.5,moderate rain
580,Rio Grande,BR,-32.035,-52.0986,16.64,16.64,93,100,6.74,overcast clouds
581,Longonjo,AO,-12.9067,15.2533,19.11,19.11,58,73,1.15,broken clouds
582,Gainesville,US,29.6516,-82.3248,27.75,24.45,63,1,0.0,clear sky
583,Necochea,AR,-38.5473,-58.7368,10.58,10.58,78,5,4.74,clear sky
584,Malé,MV,4.1748,73.5089,27.41,27.41,83,96,6.6,overcast clouds
585,Chernyshevskiy,RU,63.0128,112.4714,-3.86,-3.86,87,26,1.98,scattered clouds
586,Koygorodok,RU,60.445,50.9968,3.93,3.93,80,100,1.34,overcast clouds
587,Mocorito,MX,25.4833,-107.9167,33.48,33.45,46,3,4.47,clear sky
588,Grand-Santi,GF,4.25,-54.3833,25.02,25.02,71,62,1.35,heavy intensity rain
589,Wysokie Mazowieckie,PL,52.9166,22.5171,8.33,7.98,87,100,3.38,overcast clouds
590,Ixtapa,MX,20.7,-105.2,27.9,27.9,86,38,0.45,scattered clouds
591,Zhangye,CN,38.9342,100.4517,15.36,15.36,25,0,2.44,clear sky
592,Bac Lieu,VN,9.285,105.7244,26.3,26.3,86,43,2.2,scattered clouds
593,Pirogovo,RU,56.7796,53.1495,0.36,0.36,88,77,2.45,broken clouds
594,Mitú,CO,1.1983,-70.1733,24.72,24.72,82,94,0.5,overcast clouds
595,Cortez,US,37.3489,-108.5859,19.73,14.68,59,40,1.54,scattered clouds
596,Terbuny,RU,52.1389,38.2789,5.54,5.54,81,99,3.61,overcast clouds
597,Tarata,BO,-17.6167,-66.0167,18.06,18.06,50,20,3.5,few clouds
598,Porto União,BR,-26.2381,-51.0783,19.26,19.26,80,95,3.02,moderate rain
599,Ancud,CL,-41.8697,-73.8203,10.74,10.74,78,91,1.25,overcast clouds
600,Siparia,TT,10.1333,-61.5,28.86,27.66,86,5,4.59,clear sky
601,Sémbé,CG,1.6481,14.5806,20.88,20.88,98,67,0.85,broken clouds
602,Nola,IT,40.922,14.5329,23.64,18.69,75,28,1.14,scattered clouds
603,Carberry,CA,49.8689,-99.3602,26.47,26.47,24,35,5.32,scattered clouds
604,Antalaha,MG,-14.9003,50.2788,20.22,20.22,91,37,2.57,light rain
605,Menongue,AO,-14.6585,17.691,19.57,19.57,43,83,1.5,broken clouds
606,Half Moon Bay,US,37.4636,-122.4286,27.06,18.5,46,1,5.14,clear sky
607,João Pinheiro,BR,-17.7425,-46.1725,27.15,27.15,36,58,4.23,broken clouds
608,Mollendo,PE,-17.0231,-72.0147,16.37,16.37,81,6,1.46,clear sky
609,Sobolevo,RU,54.4299,31.8996,6.19,6.19,84,92,2.69,overcast clouds
610,Dakar,SN,14.6937,-17.4441,28.12,28.12,81,1,4.06,clear sky
611,Yazman,PK,29.1212,71.7446,31.07,31.07,55,8,3.72,clear sky
612,Xiantao,CN,30.3833,113.4,19.46,19.46,92,99,2.92,overcast clouds
613,Benguela,AO,-12.5763,13.4055,21.41,21.41,84,11,2.29,few clouds
614,San Buenaventura,MX,27.0833,-101.5333,33.44,33.44,35,15,3.07,few clouds
615,La Ronge,CA,55.1001,-105.2842,20.08,20.08,48,29,5.26,scattered clouds
616,Mutare,ZW,-18.9707,32.6709,18.23,18.23,63,21,1.07,few clouds
617,Néa Péramos,GR,38.0076,23.423,23.11,19.42,53,20,0.0,few clouds
618,Ahipara,NZ,-35.1667,173.1667,14.33,14.33,54,39,4.98,scattered clouds
619,Esmeralda,CU,21.8525,-78.1169,27.58,27.58,73,25,4.1,scattered clouds
620,Finschhafen,PG,-6.6024,147.8681,28.29,28.29,73,100,4.82,overcast clouds
621,Shumskiy,RU,54.8318,99.1328,-0.85,-0.85,99,99,0.66,overcast clouds
622,Alamosa,US,37.4695,-105.87,18.99,15.73,34,1,2.06,clear sky
623,Manjacaze,MZ,-24.7117,33.8828,19.2,19.2,82,0,1.45,clear sky
624,Sterling,US,39.0062,-77.4286,24.53,20.44,77,75,1.54,broken clouds
625,Prince Rupert,CA,54.3161,-130.3201,11.05,9.83,72,1,4.12,clear sky
626,Cam Ranh,VN,11.9214,109.1591,25.98,25.98,83,20,2.06,few clouds
627,Kasane,BW,-17.8167,25.15,22.33,22.33,27,16,2.12,few clouds
628,La Santisima Trinidad,BO,-14.8333,-64.9,30.99,30.99,58,31,0.0,scattered clouds
629,Fredericton,CA,45.9454,-66.6656,15.01,12.98,85,100,2.52,overcast clouds
630,Karratha,AU,-20.7377,116.8463,22.9,22.9,25,1,3.52,clear sky
631,Alekseyevka,RU,50.6309,38.6903,7.57,7.57,80,100,4.38,overcast clouds
632,Ontario,US,34.0633,-117.6509,26.31,17.48,60,75,0.45,broken clouds
633,Cedar City,US,37.6775,-113.0619,20.78,11.81,36,15,7.75,few clouds
634,Honningsvåg,NO,70.9821,25.9704,12.74,12.74,80,65,5.88,broken clouds
635,Grand-Lahou,CI,5.1367,-5.0242,24.14,24.14,92,13,2.61,few clouds
636,Staryy Nadym,RU,65.6118,72.6842,-0.67,-0.67,85,2,2.18,clear sky
637,Samarina,RU,57.8878,27.8054,9.01,9.01,78,100,2.84,overcast clouds
638,Roald,NO,62.5833,6.1333,11.85,9.03,93,24,2.57,few clouds
639,Porto Velho,BR,-8.7619,-63.9039,27.45,27.45,63,89,1.48,overcast clouds
640,Santiago do Cacém,PT,38.0169,-8.6948,15.02,15.02,77,1,5.72,clear sky
641,Champerico,GT,14.3,-91.9167,29.64,27.07,74,9,4.48,clear sky
642,Iquique,CL,-20.2208,-70.1431,17.02,17.02,78,14,0.22,few clouds
643,Aykhal,RU,66.0,111.5,-4.43,-4.43,86,100,2.98,overcast clouds
644,Jiazi,CN,22.8779,116.067,25.68,25.68,80,0,1.45,clear sky
645,Mount Isa,AU,-20.7333,139.5,25.87,25.87,57,90,2.57,light intensity shower rain
646,Katangli,RU,51.7102,143.2326,14.22,14.22,83,39,2.81,scattered clouds
647,Buluang,PH,13.3068,123.3425,26.65,26.65,89,89,0.25,overcast clouds
648,Boende,CD,-0.2167,20.8667,22.1,22.1,90,100,1.37,overcast clouds
649,Malanje,AO,-9.5402,16.341,20.63,20.63,65,43,2.84,scattered clouds
650,Zolochiv,UA,49.806,24.8944,8.26,8.05,76,12,3.96,few clouds
651,Port Macquarie,AU,-31.4333,152.9167,21.05,19.65,57,88,7.58,moderate rain
652,Bayir,TR,37.2687,28.2167,15.29,15.29,43,7,2.05,clear sky
653,Goshen,US,41.5823,-85.8344,22.08,18.08,40,1,2.06,clear sky
654,Pappadátes,GR,39.3133,20.7925,20.79,18.47,67,36,1.43,scattered clouds
655,Gunjur,GM,13.2019,-16.7339,28.04,28.04,89,20,3.6,few clouds
656,Mil'kovo,RU,54.7167,158.6167,11.72,11.72,74,96,5.71,overcast clouds
657,Bela,IN,25.9333,81.9833,25.26,25.26,88,16,2.66,few clouds
658,Palāsa,IN,18.7667,84.4167,25.01,25.01,91,100,2.17,overcast clouds
659,Muş Province,TR,39.0,41.75,12.51,12.51,35,0,0.94,clear sky
660,Vostok,RU,46.4856,135.8833,13.92,13.92,83,61,1.58,broken clouds
661,Udachny,RU,66.4167,112.4,-3.6,-3.6,86,100,2.11,overcast clouds
662,Canary Islands,ES,28.0,-15.5,19.66,18.66,76,40,0.89,scattered clouds
663,Buala,SB,-8.145,159.5921,28.21,28.21,77,92,4.71,light rain
664,Alekseyevskaya,RU,50.2896,42.1845,7.35,7.35,83,98,3.35,overcast clouds
665,Guánica,PR,17.9716,-66.908,28.36,24.74,88,18,2.27,few clouds
666,Igarka,RU,67.4667,86.5833,0.18,0.18,80,100,1.06,overcast clouds
667,Hay River,CA,60.8156,-115.7999,13.57,13.57,67,48,1.93,scattered clouds
668,Fortuna,US,40.5982,-124.1573,20.66,15.19,63,1,2.68,clear sky
669,Kiama,AU,-34.6833,150.8667,20.7,18.89,72,100,3.58,overcast clouds
670,Vila,PT,42.0304,-8.1588,10.52,7.06,88,23,1.29,few clouds
671,Zamora,EC,-4.0692,-78.9567,20.8,20.8,93,66,0.49,broken clouds
672,Koumac,NC,-20.5667,164.2833,24.47,24.47,64,20,2.1,few clouds
673,Santa Barbara,US,34.7333,-120.0343,23.51,15.46,48,1,6.17,clear sky
674,Kudahuvadhoo,MV,2.6708,72.8944,27.83,27.83,78,94,5.59,overcast clouds
675,Bongaree,AU,-27.0797,153.1586,22.38,18.07,59,100,4.33,light rain
676,Balkhash,KZ,46.844,74.9804,12.15,12.15,70,45,4.66,scattered clouds
677,Pangnirtung,CA,66.1451,-65.7125,1.45,1.45,57,100,1.13,overcast clouds
678,Kings Park,US,40.8862,-73.2573,21.88,17.35,84,75,0.0,broken clouds
679,Zhoucheng,CN,35.9122,116.3117,15.49,15.49,94,0,1.59,light rain
680,Sukpak,RU,51.6667,94.6333,-1.94,-1.94,43,84,1.86,broken clouds
681,Marang,MY,5.2056,103.2059,25.06,25.06,89,97,1.21,light rain
682,Villamontes,BO,-21.25,-63.5,29.64,29.64,39,3,2.54,clear sky
683,Adré,TD,13.4667,22.2,26.9,26.9,43,22,2.44,few clouds
684,Athabasca,CA,54.7169,-113.2854,17.46,15.83,35,100,3.79,overcast clouds
685,Thunder Bay,CA,48.4001,-89.3168,23.88,15.31,80,7,1.34,clear sky
686,Nioro,GM,13.35,-15.75,25.92,25.92,87,1,2.72,clear sky
687,Rawson,AR,-43.3002,-65.1023,14.52,14.52,40,81,5.47,broken clouds
688,Panalingaan,PH,8.7842,117.4231,26.79,26.79,82,25,0.41,scattered clouds
689,Ureki,GE,41.9956,41.7786,16.98,14.24,81,3,2.17,clear sky
690,Morondava,MG,-20.2833,44.2833,24.13,24.13,79,61,1.77,broken clouds
691,Taoudenni,ML,22.6783,-3.9836,34.31,34.31,9,1,6.64,clear sky
692,Chifeng,CN,42.2683,118.9636,13.03,13.03,65,34,2.53,scattered clouds
693,Launceston,AU,-41.45,147.1667,13.97,12.8,75,25,2.68,scattered clouds
694,Swan River,CA,52.1058,-101.2676,27.03,27.03,28,1,5.62,clear sky
695,Shizunai-furukawachō,JP,42.3339,142.3669,17.3,17.3,72,99,4.98,overcast clouds
696,Chālūs,IR,36.655,51.4204,21.05,21.05,71,31,0.86,scattered clouds
697,Düzce,TR,40.8389,31.1639,14.52,14.52,91,70,0.57,broken clouds
698,Quryq,KZ,43.2,51.65,15.08,15.08,68,73,3.68,broken clouds
699,Buraidah,SA,26.326,43.975,24.69,24.69,11,5,2.97,clear sky
